{
  "1": {
    "accuracy": 32,
    "ally_life": 51,
    "armour": 3,
    "evasion": 24,
    "life": 15,
    "experience": 17,
    "physical_damage": 9.15999984741211
  },
  "2": {
    "accuracy": 35,
    "ally_life": 83,
    "armour": 6,
    "evasion": 30,
    "life": 20,
    "experience": 18,
    "physical_damage": 10.260000228881836
  },
  "3": {
    "accuracy": 39,
    "ally_life": 116,
    "armour": 8,
    "evasion": 36,
    "life": 24,
    "experience": 20,
    "physical_damage": 11.390000343322754
  },
  "4": {
    "accuracy": 43,
    "ally_life": 150,
    "armour": 10,
    "evasion": 43,
    "life": 28,
    "experience": 24,
    "physical_damage": 12.569999694824219
  },
  "5": {
    "accuracy": 48,
    "ally_life": 186,
    "armour": 13,
    "evasion": 49,
    "life": 33,
    "experience": 31,
    "physical_damage": 13.779999732971191
  },
  "6": {
    "accuracy": 52,
    "ally_life": 223,
    "armour": 16,
    "evasion": 56,
    "life": 38,
    "experience": 43,
    "physical_damage": 15.029999732971191
  },
  "7": {
    "accuracy": 57,
    "ally_life": 261,
    "armour": 19,
    "evasion": 63,
    "life": 45,
    "experience": 57,
    "physical_damage": 16.31999969482422
  },
  "8": {
    "accuracy": 62,
    "ally_life": 300,
    "armour": 22,
    "evasion": 70,
    "life": 50,
    "experience": 75,
    "physical_damage": 17.649999618530273
  },
  "9": {
    "accuracy": 67,
    "ally_life": 341,
    "armour": 26,
    "evasion": 77,
    "life": 58,
    "experience": 96,
    "physical_damage": 19.020000457763672
  },
  "10": {
    "accuracy": 72,
    "ally_life": 382,
    "armour": 30,
    "evasion": 84,
    "life": 67,
    "experience": 120,
    "physical_damage": 20.440000534057617
  },
  "11": {
    "accuracy": 78,
    "ally_life": 426,
    "armour": 34,
    "evasion": 91,
    "life": 78,
    "experience": 150,
    "physical_damage": 21.899999618530273
  },
  "12": {
    "accuracy": 84,
    "ally_life": 471,
    "armour": 39,
    "evasion": 98,
    "life": 89,
    "experience": 181,
    "physical_damage": 23.40999984741211
  },
  "13": {
    "accuracy": 90,
    "ally_life": 517,
    "armour": 43,
    "evasion": 105,
    "life": 103,
    "experience": 219,
    "physical_damage": 24.969999313354492
  },
  "14": {
    "accuracy": 96,
    "ally_life": 565,
    "armour": 49,
    "evasion": 113,
    "life": 118,
    "experience": 261,
    "physical_damage": 26.56999969482422
  },
  "15": {
    "accuracy": 103,
    "ally_life": 614,
    "armour": 54,
    "evasion": 120,
    "life": 134,
    "experience": 308,
    "physical_damage": 28.229999542236328
  },
  "16": {
    "accuracy": 110,
    "ally_life": 665,
    "armour": 60,
    "evasion": 128,
    "life": 158,
    "experience": 358,
    "physical_damage": 29.93000030517578
  },
  "17": {
    "accuracy": 117,
    "ally_life": 718,
    "armour": 67,
    "evasion": 136,
    "life": 178,
    "experience": 416,
    "physical_damage": 31.690000534057617
  },
  "18": {
    "accuracy": 124,
    "ally_life": 772,
    "armour": 73,
    "evasion": 144,
    "life": 200,
    "experience": 482,
    "physical_damage": 33.5
  },
  "19": {
    "accuracy": 132,
    "ally_life": 828,
    "armour": 81,
    "evasion": 152,
    "life": 224,
    "experience": 549,
    "physical_damage": 35.369998931884766
  },
  "20": {
    "accuracy": 140,
    "ally_life": 886,
    "armour": 89,
    "evasion": 160,
    "life": 249,
    "experience": 623,
    "physical_damage": 37.290000915527344
  },
  "21": {
    "accuracy": 149,
    "ally_life": 945,
    "armour": 97,
    "evasion": 168,
    "life": 276,
    "experience": 704,
    "physical_damage": 39.27000045776367
  },
  "22": {
    "accuracy": 158,
    "ally_life": 1007,
    "armour": 106,
    "evasion": 176,
    "life": 305,
    "experience": 796,
    "physical_damage": 41.310001373291016
  },
  "23": {
    "accuracy": 167,
    "ally_life": 1070,
    "armour": 116,
    "evasion": 185,
    "life": 335,
    "experience": 881,
    "physical_damage": 43.40999984741211
  },
  "24": {
    "accuracy": 176,
    "ally_life": 1135,
    "armour": 126,
    "evasion": 193,
    "life": 366,
    "experience": 968,
    "physical_damage": 45.56999969482422
  },
  "25": {
    "accuracy": 186,
    "ally_life": 1203,
    "armour": 137,
    "evasion": 202,
    "life": 400,
    "experience": 1058,
    "physical_damage": 47.79999923706055
  },
  "26": {
    "accuracy": 196,
    "ally_life": 1272,
    "armour": 149,
    "evasion": 211,
    "life": 434,
    "experience": 1153,
    "physical_damage": 50.09000015258789
  },
  "27": {
    "accuracy": 207,
    "ally_life": 1344,
    "armour": 161,
    "evasion": 220,
    "life": 472,
    "experience": 1252,
    "physical_damage": 52.45000076293945
  },
  "28": {
    "accuracy": 218,
    "ally_life": 1417,
    "armour": 174,
    "evasion": 229,
    "life": 510,
    "experience": 1407,
    "physical_damage": 54.880001068115234
  },
  "29": {
    "accuracy": 230,
    "ally_life": 1493,
    "armour": 189,
    "evasion": 238,
    "life": 551,
    "experience": 1573,
    "physical_damage": 57.369998931884766
  },
  "30": {
    "accuracy": 242,
    "ally_life": 1571,
    "armour": 204,
    "evasion": 247,
    "life": 593,
    "experience": 1750,
    "physical_damage": 59.939998626708984
  },
  "31": {
    "accuracy": 254,
    "ally_life": 1652,
    "armour": 220,
    "evasion": 257,
    "life": 637,
    "experience": 1941,
    "physical_damage": 62.59000015258789
  },
  "32": {
    "accuracy": 267,
    "ally_life": 1734,
    "armour": 237,
    "evasion": 266,
    "life": 683,
    "experience": 2142,
    "physical_damage": 65.30999755859375
  },
  "33": {
    "accuracy": 281,
    "ally_life": 1820,
    "armour": 255,
    "evasion": 276,
    "life": 731,
    "experience": 2361,
    "physical_damage": 68.0999984741211
  },
  "34": {
    "accuracy": 295,
    "ally_life": 1907,
    "armour": 274,
    "evasion": 286,
    "life": 790,
    "experience": 2587,
    "physical_damage": 70.9800033569336
  },
  "35": {
    "accuracy": 309,
    "ally_life": 1998,
    "armour": 295,
    "evasion": 296,
    "life": 853,
    "experience": 2831,
    "physical_damage": 73.94000244140625
  },
  "36": {
    "accuracy": 325,
    "ally_life": 2091,
    "armour": 317,
    "evasion": 306,
    "life": 921,
    "experience": 3092,
    "physical_damage": 76.9800033569336
  },
  "37": {
    "accuracy": 340,
    "ally_life": 2186,
    "armour": 340,
    "evasion": 316,
    "life": 995,
    "experience": 3360,
    "physical_damage": 80.11000061035156
  },
  "38": {
    "accuracy": 356,
    "ally_life": 2285,
    "armour": 364,
    "evasion": 326,
    "life": 1074,
    "experience": 3646,
    "physical_damage": 83.31999969482422
  },
  "39": {
    "accuracy": 373,
    "ally_life": 2386,
    "armour": 391,
    "evasion": 337,
    "life": 1160,
    "experience": 3958,
    "physical_damage": 86.62999725341797
  },
  "40": {
    "accuracy": 391,
    "ally_life": 2490,
    "armour": 418,
    "evasion": 347,
    "life": 1253,
    "experience": 4259,
    "physical_damage": 90.0199966430664
  },
  "41": {
    "accuracy": 409,
    "ally_life": 2598,
    "armour": 448,
    "evasion": 358,
    "life": 1353,
    "experience": 4586,
    "physical_damage": 93.51000213623047
  },
  "42": {
    "accuracy": 428,
    "ally_life": 2708,
    "armour": 479,
    "evasion": 369,
    "life": 1462,
    "experience": 4940,
    "physical_damage": 97.0999984741211
  },
  "43": {
    "accuracy": 447,
    "ally_life": 2821,
    "armour": 512,
    "evasion": 380,
    "life": 1578,
    "experience": 5279,
    "physical_damage": 100.79000091552734
  },
  "44": {
    "accuracy": 468,
    "ally_life": 2938,
    "armour": 547,
    "evasion": 391,
    "life": 1705,
    "experience": 5652,
    "physical_damage": 104.56999969482422
  },
  "45": {
    "accuracy": 489,
    "ally_life": 3058,
    "armour": 585,
    "evasion": 403,
    "life": 1841,
    "experience": 6045,
    "physical_damage": 108.45999908447266
  },